{
  "last_trained": "2026-04-15T08:07:47.909596",
  "n_employees": 4,
  "n_pairs": 3480,
  "epochs": 60,
  "best_val_loss": 0.03305
}